{
  "cooling": 710.96242,
  "ionization": 650.5038,
  "repumper": 274.589005,
  "clock": 444.83556
}